,Curve Reference,,,,,,,,,,
,Development Patterns -- Cumulative % of Ultimate by Trend Level,,,,,,,,,,
,,,,,,,,,,,
,PROPERTY -- Paid Loss Development,,,,,,,,,,
,Dev Age (months),TL=10,TL=20,TL=30,TL=40,TL=50,TL=60,TL=70,TL=80,TL=90,TL=100
,1,0.436791027355112,0.363801435549876,0.309318261846602,0.269911477381162,0.234650065285112,0.180666731340311,0.137981869180754,0.109449173118509,9.04762786916253E-02,7.47345831708844E-02
,3,0.749067859183569,0.663482963892878,0.58984760887245,0.531210843598236,0.474819122855932,0.381138235461525,0.300626980727406,0.243575081311109,0.204186610820714,0.170622883821616
,6,0.909932774797781,0.849868628889113,0.788115818619868,0.73261400605917,0.674141151947088,0.566345896997158,0.463435287033456,0.384941472250048,0.328117523469261,0.278035533108757
,9,0.96419063335665,0.927401656004648,0.883080973373105,0.83869789619475,0.787948671079947,0.685144958324339,0.57730889448861,0.48945554348408,0.423092553807872,0.362804410332154
,12,0.984871528605823,0.96317408762823,0.932908206780986,0.899401740683467,0.858050082490197,0.766530572268161,0.661745624265472,0.570984915221753,0.499656761060781,0.433002353974536
,18,0.996963579460997,0.989606586186287,0.976171656277898,0.958272615222747,0.932816030191439,0.866291272212292,0.776712097576661,0.689804998883473,0.616301352814238,0.543915444388166
,24,0.999322609489828,0.996811926904032,0.990940321835497,0.981659585925383,0.966597302464689,0.920562735311785,0.848518788195006,0.770883797218674,0.700590907018387,0.627907104251199
,30,0.999837274234383,0.998963387895384,0.996387152637844,0.991605231329238,0.982810292834311,0.951577851985517,0.895248038653816,0.828227816557553,0.763510146584308,0.693430718354196
,36,0.99995864409745,0.999647649006078,0.998505980436048,0.996037094302027,0.99091863972635,0.969900815827454,0.92649966920826,0.869751445321043,0.81147951472421,0.745534505932144
,42,0.999989004340028,0.999875898659248,0.999363938530222,0.998082389933723,0.995100357793702,0.980994956167997,0.947822680609003,0.900337779156639,0.848611675043069,0.787537257539902
,48,0.999996964918197,0.999954981578929,0.999722587042539,0.999052847986886,0.997309987423522,0.987842955843908,0.962599710562843,0.923167129080964,0.877692378271473,0.821751841235839
,54,0.999999135108103,0.999983254111845,0.999876497041269,0.999523937263945,0.99850103295471,0.992136953463517,0.972970358856476,0.940388898145731,0.900681364505143,0.84985462861273
,60,0.999999746625831,0.999993633714138,0.999944028208204,0.99975706547052,0.999153896031992,0.994865232691051,0.980325622535492,0.953495688203532,0.918995675829366,0.8730955061167
,72,0.999999976668186,0.999999027398009,0.999987969919345,0.999934249517798,0.999721430525463,0.997756166856538,0.98938581735174,0.971302388866245,0.945524604486615,0.908585106495777
,84,0.999999997675846,0.999999841922588,0.999997280001645,0.999981421500082,0.999904864974666,0.998992391677999,0.99415746979165,0.982019804482813,0.962934335873202,0.933581709140529
,96,0.999999999752884,0.999999972953387,0.9999993586075,0.999994559484676,0.99996650837791,0.999537202160044,0.996730578354018,0.988597130467857,0.974552860060036,0.951446433625001
,108,0.999999999972226,0.999999995165616,0.999999843247421,0.999998357616874,0.999987900950451,0.999783333401821,0.99814524381955,0.992698265586152,0.982412972506619,0.964365579130852
,120,0.999999999996725,0.999999999102488,0.999999960483089,0.99999949094832,0.999995530207983,0.999896885653575,0.99893579607135,0.995289731607675,0.987791412136135,0.973800491537088
,144,0.999999999999948,0.999999999965929,0.999999997282125,0.999999947706512,0.999999354427594,0.999975689113346,0.999640851196944,0.998015316445429,0.994097481752252,0.985903065422393
,180,1,0.999999999999694,0.999999999942564,0.999999998036588,0.999999960624091,0.999997049628954,0.999928811488256,0.999470942199006,0.998114434370498,0.994820531301664
,240,1,1,1,1,1,1,1,1,1,1
,Max Age (months),240,240,240,240,240,240,240,240,240,240
,,,,,,,,,,,
,PROPERTY -- Case Incurred Development,,,,,,,,,,
,Dev Age (months),TL=10,TL=20,TL=30,TL=40,TL=50,TL=60,TL=70,TL=80,TL=90,TL=100
,1,0.973406063289961,0.653128387890853,0.413597274871867,0.37164346758887,0.332684719088865,0.286714824812397,0.24589765039031,0.212973783886739,0.186543029445102,0.163046398265819
,3,0.999839112372698,0.921905031560706,0.723456257045404,0.673385823230874,0.622471496868401,0.556774426420484,0.493214000868911,0.43828163706026,0.391773229026688,0.348600316192236
,6,0.999999751588151,0.988198295091219,0.893327029973953,0.857476707774554,0.816588430871294,0.757485304818492,0.693754445752303,0.633658103867673,0.579238255860235,0.525878445732904
,9,0.999999999268096,0.997846288623693,0.954747571470483,0.932440384907031,0.904236516524483,0.85907334427385,0.805396191717999,0.750664246398727,0.698017857824962,0.643792617171352
,12,0.999999999996835,0.999560396810915,0.9796883877009,0.966362036661163,0.947814308391994,0.91512754927248,0.872592340699034,0.825946626481944,0.778481983373213,0.727296326271515
,18,1,0.99997725898967,0.995436095143618,0.990830049162587,0.983166824166532,0.967015416260536,0.942145041315892,0.910928061132999,0.875664626238461,0.83424412698685
,24,1,0.999998570350961,0.998868611225599,0.997276912988655,0.994150383786917,0.986358109193546,0.972327083033546,0.952362240586205,0.927507883417523,0.895893017939967
,30,1,0.999999896979459,0.999699552961444,0.999141444569685,0.997858424684759,0.994106771377538,0.986273203913656,0.973723393216851,0.956594465387327,0.93309562746959
,36,1,0.999999991763623,0.999915924727007,0.999716681521507,0.999184214975645,0.997368340929602,0.992999810517294,0.985161410793358,0.973478557856757,0.95624649263659
,42,1,0.999999999284349,0.999975464590096,0.999903027921149,0.999679203679084,0.998793179823215,0.99635004959629,0.991461268865469,0.983529813524579,0.970983333282264
,48,1,0.999999999933371,0.999992586209672,0.999965787664638,0.99987047817524,0.999434245509623,0.99806152559241,0.995009095726201,0.989633099114274,0.980531909331303
,54,1,0.999999999993421,0.999997692421005,0.999987614260903,0.999946517793333,0.999729753554672,0.998954225632872,0.997043761250922,0.993399499303829,0.986808669790287
,60,1,0.999999999999316,0.999999263050429,0.999995414564368,0.999977481636136,0.99986879221771,0.999428100784597,0.998228629900672,0.995755536856053,0.990984828270134
,72,1,0.999999999999992,0.999999919751789,0.999999334647439,0.999995804912528,0.999967762684244,0.999822941047397,0.999345051989684,0.998199846766656,0.995696588040017
,84,1,1,0.999999990599219,0.999999897116422,0.999999173977207,0.999991704463289,0.999943023733404,0.999749770153779,0.999214657502939,0.997895253762154
,96,1,1,0.999999998829904,0.99999998322894,0.999999829707345,0.999997781820755,0.999981068268379,0.999901762379122,0.999649273098983,0.998949727357974
,108,1,1,0.999999999846649,0.999999997140561,0.999999963492648,0.999999387181179,0.999993535569056,0.99996053130615,0.99984023002254,0.999466967448224
,120,1,1,0.999999999978982,0.999999999493098,0.999999991903521,0.99999982583101,0.999997739850836,0.999983822629554,0.999925965635397,0.999725554096599
,144,1,1,0.999999999999557,0.999999999982408,0.99999999956585,0.999999984880075,0.99999970665714,0.999997142358421,0.999983420958952,0.999924714879227
,180,1,1,0.999999999999998,0.999999999999861,0.999999999993583,0.999999999553812,0.999999984627731,0.999999768336325,0.999998126734454,0.999988741775743
,240,1,1,1,1,1,1,1,1,1,1
,Max Age (months),240,240,240,240,240,240,240,240,240,240
,,,,,,,,,,,
,PROPERTY -- Reported Count Development,,,,,,,,,,
,Dev Age (months),TL=10,TL=20,TL=30,TL=40,TL=50,TL=60,TL=70,TL=80,TL=90,TL=100
,1,0.98719600720058,0.789871692449751,0.565244863699304,0.484901894720455,0.410420095899915,0.350891995033431,0.297759360416562,0.256478485237438,0.224836667194695,0.19657084847819
,3,0.999972326599863,0.976644423112728,0.865472209782405,0.797620615258937,0.719834148917594,0.646802938190829,0.57312207482096,0.510169384883231,0.458455655069166,0.409673297783591
,6,0.999999988407692,0.998557210298808,0.969578991571514,0.938060839723339,0.890882607332142,0.836675238589773,0.772845497033644,0.711371899005593,0.656260136062779,0.600562563731995
,9,0.999999999989445,0.99988231585307,0.992020354955928,0.978665007870719,0.953307014728433,0.918431292680493,0.871267489992051,0.820707985532027,0.77168687254555,0.718978773118957
,12,0.999999999999985,0.999988678989286,0.99771412826652,0.992117037766521,0.978871137113286,0.957357367547272,0.924266090204779,0.885080176778783,0.84421366638312,0.797659889383528
,18,1,0.999999855880542,0.999777596695538,0.998767516690644,0.995180160983416,0.987269294301614,0.97182413961316,0.949838083214351,0.923592252961213,0.890301918457821
,24,1,0.999999997554802,0.999974774358843,0.999782267316743,0.998788174927528,0.995884526049045,0.988812547236715,0.976876552341084,0.960725384313913,0.938081778526766
,30,1,0.999999999949273,0.99999681451633,0.999958100857963,0.999673843819725,0.998593367706713,0.995350845014989,0.98892555420561,0.979138559491152,0.964050684060684
,36,1,0.999999999998774,0.99999956348066,0.999991394906317,0.999907546079334,0.999498401169547,0.99799977236453,0.994539657068575,0.988638668802206,0.978674995789551
,42,1,0.999999999999966,0.999999936133492,0.999998138094704,0.999972680972999,0.999814950343922,0.999115181374508,0.99724426869215,0.993687372700116,0.987130531283675
,48,1,0.999999999999999,0.999999990133973,0.999999579317257,0.999991644470385,0.999929779531012,0.999599462005495,0.998582085306143,0.996433792711028,0.992121695673037
,54,1,1,0.99999999840377,0.999999901384064,0.999997368388649,0.999972706517276,0.999815091883601,0.999258333171458,0.997956645897765,0.995118180579485
,60,1,1,0.999999999731173,0.999999976131979,0.999999149799403,0.999989168365388,0.999913171503062,0.99960648002253,0.998814755329675,0.996942908482566
,72,1,1,0.999999999991555,0.999999998483308,0.999999905317863,0.999998201182885,0.999980005694072,0.999885113002845,0.999588562102667,0.998768542547623
,84,1,1,0.999999999999703,0.99999999989446,0.999999988664923,0.99999968306411,0.999995167582349,0.999965070453116,0.999852109724804,0.999488865708156
,96,1,1,0.999999999999988,0.999999999992081,0.999999998559069,0.999999941349285,0.999998784208848,0.999989016697938,0.999945281558783,0.999782513944345
,108,1,1,1,0.999999999999367,0.999999999807229,0.999999988683371,0.999999683486547,0.999996446049779,0.999979250455285,0.999905489238324
,120,1,1,1,0.999999999999946,0.999999999973042,0.999999997735877,0.999999915121473,0.999998821104314,0.99999196229797,0.999958175926272
,144,1,1,1,1,0.99999999999941,0.999999999900609,0.999999993417808,0.999999861839527,0.999998727363566,0.999991430901027
,180,1,1,1,1,0.999999999999998,0.999999999998898,0.999999999834764,0.999999993739289,0.999999911589194,0.999999144661417
,240,1,1,1,1,1,1,1,1,1,1
,Max Age (months),240,240,240,240,240,240,240,240,240,240
,,,,,,,,,,,
,PROPERTY -- Closed Count Development,,,,,,,,,,
,Dev Age (months),TL=10,TL=20,TL=30,TL=40,TL=50,TL=60,TL=70,TL=80,TL=90,TL=100
,1,0.523033588257334,0.435744705964084,0.372988357725126,0.330894345910037,0.292403434446859,0.242270404108108,0.199503784920751,0.165648119819087,0.138903243162142,0.11617724921279
,3,0.831838576229422,0.747943728757067,0.675066785288081,0.620027620719994,0.565239325407488,0.487323696980569,0.414849691347227,0.35346609439472,0.302425831289127,0.257263704129271
,6,0.955134623096965,0.909229101220445,0.858751394093154,0.814516286133387,0.765492298716006,0.687530419029525,0.606641016942408,0.532027569458111,0.465835850012804,0.404189126769995
,9,0.9863423762313,0.963803087923378,0.933274702688279,0.902736820903324,0.865468082692028,0.799904492901701,0.724876496646136,0.650166665585245,0.579922313836477,0.511419425924422
,12,0.995503844930231,0.984665143601808,0.966884106215312,0.946783491853742,0.919946590393755,0.868050060499592,0.802990673231675,0.733424659397914,0.664376053427776,0.594085191659435
,18,0.999433108997477,0.996906134962699,0.991026313449875,0.982705184849089,0.969577366642624,0.939272760490504,0.894279062643658,0.839374024670248,0.77911015637663,0.712662581429609
,24,0.999918085778013,0.999306438615221,0.997350073369019,0.993947735391162,0.987678221615483,0.970586720002928,0.940894202462586,0.899932371171432,0.850563740009861,0.791925786486008
,30,0.999986978419463,0.999832619613869,0.999168946345734,0.997769436673671,0.994781887853799,0.985234959888528,0.965993915843056,0.936186946092676,0.896936222974067,0.846909197139901
,36,0.999997774054978,0.999957272341009,0.999727155426828,0.999144867463226,0.997713915676141,0.992383635840698,0.98000297626332,0.958576961439777,0.927868393867266,0.885993108716602
,42,0.999999596686472,0.999988590860876,0.999907073414485,0.999661645393842,0.99897084429502,0.995984556863624,0.988033366432271,0.972725480328227,0.94892043030161,0.914273415700086
,48,0.999999923308843,0.999996837654117,0.999967372067681,0.999862565815541,0.999526119002962,0.997844345030103,0.992734208830716,0.981828035849666,0.963474163394204,0.935019857637829
,54,0.999999984805112,0.999999095177402,0.999988243068731,0.999942917152133,0.999777568086587,0.998824793645125,0.995533586975923,0.98777042480992,0.973663905042459,0.950409264164821
,60,0.999999996880137,0.999999733873719,0.999995667259366,0.999975827498346,0.999893840217338,0.999350689808718,0.997224832534669,0.991697544509332,0.98087414674196,0.961930698908084
,72,0.999999999855971,0.999999975304223,0.999999376885082,0.999995446346827,0.999974770274903,0.999794927183338,0.998898961418101,0.996087696096922,0.989727345701971,0.977228856381192
,84,0.999999999992642,0.999999997521566,0.999999904473476,0.999999093671083,0.999993713232614,0.999932724598175,0.999549661726914,0.998110289424948,0.994369582316505,0.986154585615317
,96,0.999999999999591,0.999999999734564,0.999999984557923,0.999999811186767,0.999998370689621,0.999977223459541,0.999811097252297,0.999068391385821,0.996862292421209,0.99146980035423
,108,0.999999999999976,0.999999999969955,0.999999997388541,0.999999959107179,0.999999563383783,0.999992079353419,0.999919044104203,0.999532735614574,0.998227102796412,0.994688235820845
,120,0.999999999999998,0.999999999996432,0.999999999540737,0.999999990839998,0.999999879554304,0.999997180813938,0.999964657720792,0.999762165574368,0.998986723189627,0.996664553245578
,144,1,0.999999999999943,0.999999999984307,0.99999999949921,0.999999990132089,0.999999621199354,0.999992946593091,0.999936182644314,0.999660569827733,0.998664236570013
,180,1,1,0.999999999999879,0.999999999992389,0.99999999973198,0.99999997914713,0.999999321340559,0.999990741494936,0.999933390727397,0.999667113156134
,240,1,1,1,1,1,1,1,1,1,1
,Max Age (months),240,240,240,240,240,240,240,240,240,240
,,,,,,,,,,,
,CASUALTY -- Paid Loss Development,,,,,,,,,,
,Dev Age (months),TL=10,TL=20,TL=30,TL=40,TL=50,TL=60,TL=70,TL=80,TL=90,TL=100
,1,1.14459952949856E-02,1.24681378805475E-02,6.13553451872507E-03,7.36404466592827E-04,2.21877116075656E-05,1.20136064682813E-05,6.39850027777391E-06,1.4689320004895E-06,8.91851620806657E-08,2.2132033022581E-09
,3,0.111021726619771,9.24615370183292E-02,5.60503478244116E-02,1.64504699483605E-02,2.11205015234656E-03,1.34695230898451E-03,8.45438041590743E-04,3.32991346655007E-04,6.12649980752103E-05,6.50164912295245E-06
,6,0.289156211563689,0.227676422875556,0.156274146504283,0.070539149899195,1.83676827111255E-02,1.29451654550822E-02,8.98485910057193E-03,4.67113860917826E-03,1.49251988377556E-03,3.27422839229745E-04
,9,0.433862961118109,0.341982716088882,0.251330100378721,0.139162891075843,5.08803227835909E-02,3.79440955943789E-02,2.78818704723809E-02,1.66658616594874E-02,6.97578558187018E-03,2.18562440897049E-03
,12,0.543712463840011,0.434182419833292,0.334066372172959,0.209408859476579,9.42492578175856E-02,7.30722861496407E-02,5.58502358979298E-02,3.64781725985789E-02,1.80614219841804E-02,7.06786562796012E-03
,18,0.691312429165672,0.56963099537558,0.465426838835641,0.33766437595569,0.194563115140113,0.158977942312198,0.128175359659164,9.34747933247401E-02,5.67374526432014E-02,2.90967623734282E-02
,24,0.781274915596285,0.662266639404605,0.562525565431949,0.443885109806104,0.295223503324196,0.2498654685102,0.208840451878958,0.162973676897001,0.111676194985949,6.73155904207916E-02
,30,0.83932396341976,0.728520152311198,0.636107558028297,0.530054044398622,0.387156950104009,0.336241836198771,0.28860719452895,0.235943937328266,0.175317875453983,0.11775780454135
,36,0.878571284983157,0.777651353801048,0.693252149509133,0.600002547141378,0.46794243187843,0.414597164550235,0.363302698475749,0.307312139465125,0.241949537977109,0.175610640461152
,42,0.906119917834492,0.815153470967131,0.738581037343914,0.657182675363378,0.537759212231729,0.484130577688117,0.431365861550973,0.374537335979346,0.307898244614478,0.236822689028802
,48,0.926055099491077,0.844457541744615,0.77518808727401,0.704337109616713,0.597694954464516,0.545192867364243,0.492507057909909,0.436530037350527,0.371015961393438,0.298439165731431
,54,0.940849056191098,0.867802911074766,0.805205420823272,0.743573876545398,0.649060729333619,0.59857204798455,0.547025832782888,0.492995707816214,0.430168986230078,0.358483013742234
,60,0.952062836691267,0.88670583843301,0.830142788036493,0.776503718386806,0.693121266752282,0.645173501480286,0.595467702512012,0.544058092564832,0.484862555301606,0.415728243197216
,72,0.96750343087499,0.915119721707149,0.868874514832321,0.82810513508357,0.763666958468859,0.721488966619651,0.676609575190917,0.63137793261339,0.580667394025023,0.519435201763006
,84,0.977234138109628,0.935119597983799,0.897220142444482,0.866067537795077,0.81647092051019,0.780150899768187,0.740660947026442,0.701828043051119,0.659703471774047,0.607746034307199
,96,0.983656133351949,0.949701344035201,0.918588306448692,0.894674902696828,0.856553916844067,0.825705161867855,0.791544241587009,0.758724048625539,0.724416862528898,0.681535178551806
,108,0.988053725907329,0.960635928642173,0.935086973010786,0.916675797020611,0.887403091128613,0.861469030972673,0.832293479006467,0.804871624074668,0.777326318232134,0.742627178466478
,120,0.991157512352872,0.969026684772226,0.948080654525685,0.933892986538559,0.911454384198186,0.889848519936409,0.865204568995713,0.8425165641496,0.820658410684896,0.79301692867325
,144,0.995065970105,0.980810395194712,0.966938655905112,0.958580442282523,0.945564456272092,0.931004426110707,0.914010542569959,0.898947948940854,0.885648954922891,0.868834367603296
,180,0.998021369643106,0.991294625620816,0.984520342391291,0.981044329673044,0.975786532872309,0.968638810105674,0.960073409163451,0.952846436224781,0.947276351219755,0.940316381434114
,240,1,1,1,1,1,1,1,1,1,1
,Max Age (months),240,240,240,240,240,240,240,240,240,240
,,,,,,,,,,,
,CASUALTY -- Case Incurred Development,,,,,,,,,,
,Dev Age (months),TL=10,TL=20,TL=30,TL=40,TL=50,TL=60,TL=70,TL=80,TL=90,TL=100
,1,0.208386637164903,0.132951724701011,6.82160245132189E-02,1.87258479288352E-02,1.79547151223461E-03,1.19986375581042E-03,7.80636464960886E-04,4.85661431944714E-04,2.86672584045715E-04,1.62288890810002E-04
,3,0.4554936882832,0.331708980951542,0.219202568453778,0.106090317755317,2.80102117409978E-02,0.021709623614985,1.65184927208296E-02,1.22403291982684E-02,8.79183378757765E-03,6.14097840998031E-03
,6,0.629660683328668,0.497597265106195,0.37369259453825,0.235669135150878,0.100606992440047,8.41920887309477E-02,6.94851865120016E-02,5.63444659174019E-02,4.47496869648505E-02,3.48200178555857E-02
,9,0.722620039463422,0.597261364828481,0.477744635104047,0.340616325948948,0.182153953283723,0.158429951388353,0.136231244750119,0.115582017091777,9.65282631541643E-02,7.92866930439928E-02
,12,0.780952991677698,0.664996789122911,0.553333553677928,0.424494473263687,0.259960215425971,0.231705997175231,0.204509903330379,0.178563349411907,0.153941657989989,0.130857866046682
,18,0.850133600954013,0.752226209015985,0.656816614479159,0.548480865444403,0.393359656813477,0.361405350429644,0.329510896957675,0.298122839580048,0.26730539865462,0.23708861621221
,24,0.889504750751852,0.80638458884514,0.724839879477823,0.634987983012462,0.498128257338462,0.466217427516919,0.433618839774503,0.400934378910516,0.368187761519538,0.335162924310123
,30,0.914656567083919,0.843354898254827,0.77311379522357,0.69838324268277,0.580310060343244,0.550040068128984,0.51860210121769,0.486685375209802,0.45427649072077,0.420940843940965
,36,0.931943240067509,0.870171890067462,0.809155890059743,0.746590582531005,0.645493136627907,0.617479957780064,0.588018564607605,0.557841215984767,0.526907565047967,0.494615838026504
,42,0.944445468372281,0.890471702744502,0.837063972210202,0.784308357393564,0.697887260785522,0.672292516134628,0.645105733020792,0.617073764934265,0.588140126551949,0.557585968764965
,48,0.953835789163381,0.906334860428252,0.859278193313292,0.81449418722559,0.740550257540009,0.717325294313153,0.692454863539071,0.666681801884307,0.639941473047273,0.611440052096569
,54,0.961098339929082,0.919041559726353,0.877348222484083,0.839101084588327,0.775704465102759,0.754707396754738,0.732070109717471,0.708519318232012,0.683987927223281,0.657640140487608
,60,0.966848343847091,0.929423983488703,0.892307844689162,0.859469479780479,0.804982981341452,0.78603617056625,0.765491689414061,0.744052313198066,0.721652282579284,0.69743887825069
,72,0.975295127670533,0.945307128715172,0.915560315290076,0.891030682641683,0.850484266459786,0.835089193117907,0.818240934949991,0.800581559934476,0.782054106175979,0.761822611373523
,84,0.981121558837057,0.956813102468144,0.932708191344105,0.914132520281734,0.883695286324704,0.87118926351045,0.857404837254451,0.842916518115118,0.827679078932072,0.810912626282987
,96,0.985324254289353,0.965472813585785,0.945800308220875,0.931597345276581,0.908596966567488,0.898433639529257,0.887167716305062,0.875305878347997,0.8628143816033,0.84898768158004
,108,0.988461865384763,0.97218551298308,0.956069317774101,0.945143302505379,0.92768933696055,0.919432291018857,0.910237181934056,0.900545711120618,0.890334097078334,0.878977642321347
,120,0.990869362918694,0.977512906543097,0.964300386446455,0.955871490447209,0.942605106363823,0.935908689382654,0.928423022936569,0.920529063044753,0.912211111199948,0.902925379143373
,144,0.994268578235503,0.985366869966642,0.976579168970318,0.9715879201184,0.963978003849746,0.959636645534301,0.954754830627364,0.94960623898719,0.944186047019503,0.938100691816509
,180,0.99734578018356,0.992933476630151,0.988591409538885,0.986496073707764,0.983457384681371,0.981398924291629,0.979070100916982,0.976616901754417,0.97404111762458,0.971133294797034
,240,1,1,1,1,1,1,1,1,1,1
,Max Age (months),240,240,240,240,240,240,240,240,240,240
,,,,,,,,,,,
,CASUALTY -- Reported Count Development,,,,,,,,,,
,Dev Age (months),TL=10,TL=20,TL=30,TL=40,TL=50,TL=60,TL=70,TL=80,TL=90,TL=100
,1,0.175780997887271,0.135531280869062,7.94763668543521E-02,2.22345573096595E-02,2.26008198237773E-03,1.52272187559455E-03,1.00230647354251E-03,6.28617315106712E-04,3.71432817442722E-04,2.10352658334965E-04
,3,0.464681308169447,0.355629566784941,0.249566407074464,0.122876155173981,3.36560347744042E-02,2.60755923352761E-02,1.98622162618775E-02,1.47505355577468E-02,1.06123554160292E-02,7.42135170725019E-03
,6,0.671253346243754,0.536553273571571,0.416076987181845,0.266349363861383,0.116716759565113,9.73916111714888E-02,8.01904548762792E-02,6.50368517059155E-02,5.17516566573043E-02,4.03303494265103E-02
,9,0.774804529710036,0.641593202554529,0.524133656033873,0.378659129798989,0.206762435926311,0.179209326356379,0.153584174520788,0.130241384909393,0.108985263745177,8.96683202980044E-02
,12,0.83542845127544,0.710736778853933,0.600497492306118,0.466143294927469,0.290478639458408,0.257986936348254,0.226873923905226,0.197939879285621,0.170982820020424,0.145593634887595
,18,0.901092388597297,0.796319999556236,0.701905022847537,0.591787526534333,0.429971294639094,0.393737953836787,0.35768598866978,0.323320116455048,0.290449044860598,0.25805740720205
,24,0.934426925899613,0.846992638971063,0.766376014570193,0.676741235814939,0.536308433820854,0.500481277231179,0.463924288514478,0.428575430336507,0.394277166487851,0.359504349011264
,30,0.953724046241743,0.880227940202291,0.810933937719461,0.737459252740389,0.617796528090144,0.584067579195066,0.549013519787088,0.51480465597973,0.481328756007993,0.446705745185701
,36,0.96588442253414,0.903513188345343,0.843473941484297,0.782672650661968,0.681195016873256,0.650168555393824,0.617460960921513,0.585341551884094,0.553745198144816,0.520573803136918
,42,0.974021305387493,0.920604911055788,0.868193811571533,0.817412338104068,0.73132060157683,0.703113295310716,0.673034222655652,0.643365374044866,0.614085862735642,0.582985754732732
,48,0.979716311021946,0.93359536131179,0.887541457744083,0.844772850661843,0.771550405232548,0.746061675063589,0.718621345292374,0.691469377948604,0.664623668709326,0.635839031104129
,54,0.983844634074392,0.943740636342689,0.903043492727908,0.86675796452895,0.804274974709624,0.781313694804271,0.756393849442732,0.731679413651334,0.707220862603318,0.680791528436612
,60,0.986923022277284,0.951838931530169,0.915702046207691,0.884719651814408,0.831214210870926,0.810559236514128,0.787985819847343,0.76556162034777,0.743363567711814,0.719220240659502
,72,0.99110130337817,0.963851222050933,0.935027908215158,0.912079899066015,0.872451504271142,0.855754269648174,0.837296134570403,0.818924063654212,0.800751611870177,0.780781965353673
,84,0.993710653751294,0.972226070444412,0.948971644692893,0.931693326628705,0.902003795523882,0.888494840714674,0.873425195456536,0.858413901952711,0.843593849223678,0.82718114724826
,96,0.99543241419388,0.978317461983232,0.959414708936234,0.946251329146869,0.923810265085034,0.912867802235896,0.900570604317863,0.888320187971507,0.876256420294933,0.862815311346406
,108,0.996617945706495,0.982895509603005,0.967466264771349,0.957358840892281,0.94029308821954,0.931426960193823,0.921401665348182,0.911418494109012,0.901615833597977,0.890641451778532
,120,0.997462527009391,0.986427416223352,0.973820207565168,0.966025876558722,0.953005815015227,0.945831536734046,0.937676942625229,0.929562333937587,0.921619023896171,0.912691666919882
,144,0.99854518809161,0.991445206442347,0.983109279793222,0.978480505151208,0.970923807110663,0.966288797754602,0.960976386834705,0.955700273461321,0.950568375031484,0.944767067790114
,180,0.999394175232094,0.996022337583424,0.991933277567804,0.98996734289576,0.986868494934619,0.984678526051143,0.982145838381229,0.979639147489475,0.977223636493806,0.974477613857822
,240,1,1,1,1,1,1,1,1,1,1
,Max Age (months),240,240,240,240,240,240,240,240,240,240
,,,,,,,,,,,
,CASUALTY -- Closed Count Development,,,,,,,,,,
,Dev Age (months),TL=10,TL=20,TL=30,TL=40,TL=50,TL=60,TL=70,TL=80,TL=90,TL=100
,1,0.047534901367855,3.59233349939255E-02,1.67246387292145E-02,2.52612909796462E-03,8.82631475271912E-05,5.03157413288657E-05,2.80572515399426E-05,1.2730411783551E-05,4.42232899307779E-06,1.3703388820313E-06
,3,0.216704311421304,0.162068728256623,9.88200837859798E-02,3.38394175584997E-02,4.9404787581177E-03,3.33197795170446E-03,2.20547557362016E-03,1.30240415618204E-03,6.60266165197094E-04,3.09679312902183E-04
,6,0.411386615664333,0.318791489217961,0.224300066904654,0.113176064066758,3.28384640859015E-02,2.44040244186758E-02,1.78392803129637E-02,1.21436883305843E-02,7.49518458245294E-03,4.36509613615798E-03
,9,0.541258894955384,0.432901519132633,0.327688983742307,0.198252839113806,7.96297642004449E-02,6.23900968819845E-02,4.81506810122286E-02,3.52969680204851E-02,2.40730081581332E-02,1.56528779707945E-02
,12,0.631682678874292,0.518338825795644,0.411163061570778,0.277428801981354,0.135688031813776,0.110151212773977,8.81746187631247E-02,6.78343064502595E-02,4.93160455388786E-02,3.44153617137768E-02
,18,0.746961656276776,0.63697045717497,0.53571227561223,0.41042145556144,0.252909782727705,0.215124762390673,0.180726266318577,0.147897211009396,0.116487485450274,8.88498092744914E-02
,24,0.815648588845627,0.714930738003594,0.623358834785514,0.513245974993051,0.360901607416831,0.316467212902889,0.274419597632751,0.233544649615954,0.193308713870175,0.155836863056385
,30,0.860169864751275,0.76969386653814,0.687962200531431,0.59321680297908,0.45412809369275,0.407009982950317,0.361098929735642,0.315915241148966,0.270628871812985,0.226723508058107
,36,0.890767586414684,0.810006517959326,0.737298807431904,0.656335640891369,0.532817868468427,0.485523634134536,0.438351134082716,0.391517568605279,0.344009072567458,0.296529835786278
,42,0.912725520131247,0.84073266870051,0.776028977533072,0.706928143484412,0.598793502965663,0.55282586959764,0.506079182860989,0.459366726004599,0.411588778750868,0.36268498083668
,48,0.929018265577445,0.864792415296826,0.807108597432409,0.748062745008625,0.65410910207648,0.610320819909263,0.565051277633399,0.519591195198401,0.472828607351806,0.424026530101268
,54,0.941433956909191,0.884043375361724,0.832500744832859,0.781936741687541,0.700626906745132,0.659461907363408,0.616292803905365,0.572776630412129,0.527838844643028,0.480179441054588
,60,0.951103941720139,0.899722105706253,0.853558906516914,0.810148811370632,0.739917401284373,0.701565037754872,0.660837737376516,0.619660142542395,0.577027620517009,0.531193545102697
,72,0.964952987969499,0.923531662709287,0.886263264173595,0.854026323627589,0.801718848948828,0.768996661197331,0.733504384673386,0.697467460228781,0.660065745361059,0.618971008987904
,84,0.974164191470423,0.940557785347383,0.910262401758193,0.886113358251163,0.847132178779435,0.819603591558914,0.789222644402932,0.758293328845518,0.726189970908592,0.690325340969087
,96,0.98056920023772,0.953182504822599,0.928441927968067,0.910233669719521,0.881144295803394,0.85818703223417,0.83248012318161,0.806266325115637,0.779094975811448,0.748340135785556
,108,0.985181051158401,0.962814256644734,0.942565209514762,0.928780976489027,0.907060552718542,0.888042962790681,0.866481538641013,0.844474165384263,0.82171545098706,0.795682182108901
,120,0.988596739175691,0.970334088023362,0.953765781589042,0.943316323930961,0.927114662257929,0.911460797982701,0.893521122592193,0.875201903798993,0.856312096719802,0.83451697734317
,144,0.993188264695832,0.981157819853193,0.970200226538739,0.964242667587731,0.95534221528254,0.944985424717741,0.932903831042201,0.92056663107044,0.907930978293082,0.893158315515855
,180,0.997032930975548,0.991179745220614,0.985820809124986,0.98346923349936,0.9801715915613,0.975179846076519,0.969239067182627,0.96318015453427,0.957042291028573,0.949771059633855
,240,1,1,1,1,1,1,1,1,1,1
,Max Age (months),240,240,240,240,240,240,240,240,240,240
